,name,value
0,wood,0.9833519
1,tree,0.9830051
2,no person,0.98066664
3,nature,0.9698024
4,old,0.9575571
5,outdoors,0.9554062
6,landscape,0.94482696
7,travel,0.94465446
8,house,0.93773186
9,leaf,0.9259491
10,architecture,0.9239899
11,sky,0.92064714
12,fall,0.912148
13,building,0.90922415
14,wheel,0.9834024
15,man,0.9789934
16,recreation,0.9786892
17,people,0.9711064
18,cyclist,0.967711
19,bike,0.9647683
20,competition,0.9615129
21,race,0.958489
22,leisure,0.9573343
23,fun,0.9557767
24,exercise,0.94980955
25,biker,0.9407537
26,lifestyle,0.93881834
27,road,0.92802346
28,vehicle,0.92017627
29,sport,0.91217816
30,action,0.9116686
31,child,0.9063271
32,hurry,0.9046228
33,recreation,0.98051906
34,competition,0.97015643
35,cyclist,0.9696404
36,man,0.967896
37,people,0.9656361
38,leisure,0.9596667
39,wheel,0.95857656
40,fun,0.9520993
41,race,0.9363367
42,action,0.93137527
43,road,0.92295694
44,exercise,0.9206022
45,adventure,0.91420805
46,lifestyle,0.9119217
47,motion,0.90063214
48,water,0.9951662
49,bridge,0.98744845
50,river,0.9873664
51,no person,0.9862475
52,landscape,0.98202837
53,nature,0.97592324
54,lake,0.97252905
55,travel,0.9581937
56,sky,0.95657265
57,dam,0.9556715
58,reservoir,0.9540988
59,grass,0.9475199
60,outdoors,0.9434054
61,tree,0.92520404
62,summer,0.9203413
63,reflection,0.90025795
64,bike,0.9886856
65,adventure,0.9849708
66,wheel,0.9730673
67,biker,0.97259736
68,trail,0.9688258
69,mud,0.96243167
70,man,0.9616014
71,people,0.9602804
72,road,0.9591321
73,soil,0.95884323
74,helmet,0.9583271
75,sport,0.952378
76,recreation,0.94743454
77,motion,0.94340473
78,hurry,0.94038075
79,action,0.92414683
80,fun,0.924044
81,leisure,0.9179477
82,race,0.9166346
83,cyclist,0.9124374
84,landscape,0.9908092
85,no person,0.98772097
86,water,0.98722696
87,mountain,0.9870257
88,travel,0.9858848
89,nature,0.9839448
90,sky,0.9681934
91,outdoors,0.953519
92,scenic,0.9473508
93,lake,0.9348111
94,seashore,0.9316013
95,grass,0.9243376
96,valley,0.9242189
97,summer,0.9233252
98,hill,0.9229424
99,rock,0.919674
100,sea,0.91413003
101,volcano,0.9099857
102,bike,0.9904039
103,wheel,0.99022907
104,fun,0.97378016
105,man,0.97172725
106,water,0.96914625
107,adventure,0.9689115
108,cyclist,0.96446145
109,sport,0.9632764
110,recreation,0.9620086
111,people,0.961419
112,biker,0.9525207
113,exercise,0.94340795
114,motion,0.94141644
115,active,0.93999153
116,leisure,0.93709326
117,roll along,0.9339149
118,road,0.93190336
119,lifestyle,0.93016875
120,helmet,0.92739666
121,hurry,0.92381465
122,recreation,0.97754264
123,outdoors,0.9699682
124,water,0.96578205
125,leisure,0.96567
126,adventure,0.95402
127,people,0.94190305
128,nature,0.9363061
129,action,0.917432
130,travel,0.9137052
131,motion,0.9092488
132,man,0.9071647
133,adventure,0.9865792
134,trail,0.98222065
135,recreation,0.9817997
136,road,0.9689643
137,landscape,0.9630484
138,people,0.9605659
139,action,0.9585416
140,motion,0.95824534
141,biker,0.95767665
142,tree,0.9554194
143,wood,0.9524779
144,travel,0.9517475
145,cyclist,0.95121574
146,mountain,0.93968916
147,bike,0.9354398
148,wheel,0.93365383
149,outdoors,0.9297392
150,leisure,0.92448014
151,sport,0.9221788
152,water,0.9104979
153,landscape,0.98995245
154,travel,0.96408296
155,mountain,0.9513464
156,road,0.95012105
157,no person,0.9292172
158,outdoors,0.92218494
159,recreation,0.9203695
160,vehicle,0.9123467
161,grassland,0.90292627
162,people,0.9014055
163,competition,0.99224895
164,athlete,0.97223234
165,people,0.94533384
166,man,0.9372264
167,exercise,0.9262217
168,adult,0.92413235
169,race,0.9236437
170,recreation,0.92353296
171,wheel,0.9216316
172,cyclist,0.9213765
173,house,0.9971186
174,architecture,0.9937681
175,building,0.9854038
176,family,0.97977436
177,town,0.97059
178,street,0.970109
179,home,0.96754265
180,roof,0.95247585
181,window,0.94388723
182,exterior,0.92634976
183,facade,0.9252136
184,travel,0.9104167
185,urban,0.903136
186,competition,0.99281627
187,championship,0.9815394
188,stadium,0.9655336
189,soccer,0.9611927
190,man,0.957163
191,squad,0.94654787
192,sport,0.9434992
193,audience,0.94339055
194,football,0.932394
195,people,0.9132478
196,race,0.91178954
197,sports fan,0.9032173
198,indoors,0.90223336
199,athlete,0.9006934
200,competition,0.9980985
201,race,0.9811336
202,sport,0.97813785
203,championship,0.97357816
204,athlete,0.9710976
205,hurry,0.9316287
206,action,0.9115385
207,competition,0.99914896
208,race,0.99858546
209,wheel,0.9925207
210,cyclist,0.9913057
211,bike,0.9898072
212,biker,0.96964246
213,hurry,0.9689696
214,track,0.960375
215,action,0.959679
216,helmet,0.95961225
217,ride,0.9549772
218,athlete,0.9543282
219,vehicle,0.9506663
220,championship,0.94767904
221,man,0.9432332
222,adult,0.93915
223,sport,0.93899953
224,fast,0.9306371
225,racer,0.92302823
226,competition,0.9872328
227,sport,0.9864683
228,race,0.95970106
229,wheel,0.95288396
230,active,0.941671
231,athlete,0.9308537
232,exercise,0.9278369
233,bike,0.9239025
234,man,0.91588795
235,hurry,0.9002702
236,competition,0.9940462
237,wheel,0.99326575
238,bike,0.98958874
239,cyclist,0.9849011
240,hurry,0.98270774
241,race,0.97721326
242,sport,0.97540325
243,biker,0.9743861
244,ride,0.9721845
245,recreation,0.97160065
246,fast,0.9672607
247,active,0.96100986
248,seated,0.9584331
249,fun,0.94590473
250,exercise,0.945732
251,man,0.94564235
252,helmet,0.9441701
253,action energy,0.9323492
254,action,0.921515
255,athlete,0.9205196
256,race,0.9982735
257,bike,0.9975999
258,wheel,0.99730617
259,competition,0.995438
260,cyclist,0.9917215
261,sport,0.9908003
262,hurry,0.9869055
263,biker,0.97779393
264,squad,0.9642426
265,fast,0.9620435
266,ride,0.95315105
267,vehicle,0.9527683
268,athlete,0.9450253
269,active,0.94211054
270,exercise,0.92901623
271,championship,0.9242683
272,fitness,0.9205364
273,racer,0.9193804
274,man,0.91836244
275,rider,0.90985286
276,competition,0.99593663
277,wheel,0.9932717
278,bike,0.98943424
279,sport,0.9861209
280,race,0.98591006
281,cyclist,0.98188263
282,active,0.97691953
283,athlete,0.9688705
284,exercise,0.9525968
285,recreation,0.95181304
286,hurry,0.939369
287,helmet,0.9368564
288,man,0.9250412
289,fitness,0.92202073
290,ride,0.92041993
291,biker,0.9162382
292,fast,0.9069224
293,action energy,0.903484
294,competition,0.9959698
295,wheel,0.9937644
296,bike,0.99335396
297,race,0.99290013
298,sport,0.99069405
299,cyclist,0.9840646
300,hurry,0.97669256
301,athlete,0.97387457
302,biker,0.96950483
303,helmet,0.96891284
304,ride,0.9589061
305,squad,0.9480753
306,active,0.94519895
307,fast,0.92791927
308,man,0.92499304
309,action energy,0.91888
310,racer,0.90677446
311,exercise,0.90240705
312,people,0.9000403
313,competition,0.99938023
314,wheel,0.99804866
315,bike,0.9975152
316,race,0.9972148
317,cyclist,0.9937265
318,sport,0.9821814
319,athlete,0.97779
320,biker,0.9770333
321,ride,0.97406965
322,hurry,0.9627478
323,action,0.95964706
324,recreation,0.95924395
325,seated,0.95148695
326,vehicle,0.9469391
327,fast,0.94211924
328,exercise,0.9401473
329,active,0.9390688
330,championship,0.92914844
331,man,0.92512536
332,competition,0.99840367
333,wheel,0.99828887
334,cyclist,0.99744177
335,bike,0.99383104
336,race,0.99338794
337,sport,0.9903908
338,adult,0.98195314
339,biker,0.97542524
340,athlete,0.9745697
341,seated,0.9725611
342,ride,0.9674672
343,hurry,0.9602946
344,motion,0.9337965
345,championship,0.9320544
346,exercise,0.9296011
347,action,0.9227135
348,man,0.9224466
349,athletics,0.9068214
350,racer,0.9053128
351,woman,0.9051989
352,flower,0.9930459
353,no person,0.9914864
354,nature,0.9902475
355,flora,0.9901793
356,garden,0.9744033
357,leaf,0.97305894
358,petal,0.9647896
359,outdoors,0.9567108
360,floral,0.95479834
361,blooming,0.9532721
362,summer,0.9477408
363,growth,0.94507515
364,season,0.9312873
365,color,0.93077874
366,bulb,0.93054974
367,lilac,0.9273063
368,closeup,0.92171484
369,Easter,0.91964996
370,wheel,0.99727684
371,cyclist,0.9968384
372,competition,0.99670774
373,bike,0.9945483
374,sport,0.9910443
375,race,0.98814064
376,exercise,0.9820906
377,biker,0.9805635
378,active,0.976832
379,athlete,0.969589
380,hurry,0.96708363
381,recreation,0.9645716
382,fitness,0.9626179
383,ride,0.9542117
384,fast,0.94942796
385,seated,0.9427269
386,bicycle,0.9364569
387,people,0.93573135
388,man,0.9264161
389,action energy,0.9219522
390,wheel,0.99762976
391,competition,0.997161
392,bike,0.99586755
393,sport,0.99467814
394,race,0.9946369
395,cyclist,0.9902009
396,biker,0.9742372
397,hurry,0.9738754
398,athlete,0.9648111
399,ride,0.96327084
400,championship,0.96168745
401,fast,0.94958526
402,seated,0.9489373
403,action,0.94799834
404,exercise,0.9475984
405,active,0.9435563
406,recreation,0.9333304
407,competition,0.99974346
408,bike,0.99972403
409,race,0.9996854
410,wheel,0.9995764
411,cyclist,0.9985683
412,biker,0.99649155
413,hurry,0.9961009
414,ride,0.9956901
415,sport,0.9947493
416,championship,0.99402934
417,action,0.988392
418,helmet,0.9863685
419,fast,0.9843413
420,racer,0.98206794
421,seated,0.98174775
422,track,0.97506845
423,athlete,0.96760654
424,motion,0.9633914
425,bicycle,0.9622425
426,vehicle,0.9552019
427,competition,0.9985414
428,race,0.9882544
429,sport,0.9771936
430,athlete,0.9761126
431,championship,0.96211743
432,exercise,0.9440256
433,action,0.94390833
434,recreation,0.9389421
435,active,0.9369062
436,fast,0.9363828
437,hurry,0.935449
438,man,0.9326291
439,action energy,0.92893934
440,people,0.9036217
441,competition,0.99866134
442,race,0.980325
443,wheel,0.97400916
444,athlete,0.9661367
445,man,0.95740247
446,action,0.9557189
447,sport,0.95341873
448,cyclist,0.9492916
449,hurry,0.9483459
450,ride,0.9345614
451,bike,0.9309179
452,people,0.9282445
453,championship,0.92284095
454,competition,0.9977815
455,wheel,0.9975426
456,bike,0.99614334
457,cyclist,0.9952563
458,race,0.9947108
459,biker,0.9871666
460,athlete,0.98137623
461,sport,0.97127664
462,ride,0.9707428
463,hurry,0.9671066
464,man,0.9498944
465,exercise,0.9424585
466,active,0.9420626
467,seated,0.9319794
468,fast,0.9313613
469,fitness,0.92587876
470,recreation,0.9225259
471,action,0.9080154
472,people,0.9032449
473,action energy,0.9004123
474,competition,0.99968153
475,race,0.9988866
476,championship,0.9911163
477,athlete,0.98599595
478,bike,0.98351943
479,track,0.9795006
480,wheel,0.9758607
481,hurry,0.9748001
482,cyclist,0.9672097
483,adult,0.9654726
484,motion,0.9635791
485,racer,0.9622458
486,fast,0.9533204
487,action,0.9496566
488,sport,0.9450133
489,people,0.93883944
490,man,0.937424
491,action energy,0.92075557
492,biker,0.9103863
493,competition,0.99693763
494,race,0.9860586
495,adult,0.9513389
496,championship,0.93747604
497,action,0.9104935
498,competition,0.9995226
499,race,0.99806064
500,bike,0.99349546
501,championship,0.9915705
502,sport,0.98177326
503,wheel,0.9809804
504,athlete,0.97940314
505,hurry,0.9780036
506,ride,0.9703915
507,action,0.9694426
508,cyclist,0.96762925
509,fast,0.95584106
510,biker,0.95428675
511,track,0.9497763
512,racer,0.94323397
513,people,0.9431879
514,man,0.92446613
515,helmet,0.92296964
516,vehicle,0.9186553
517,seated,0.91170204
518,competition,0.99972856
519,race,0.9994972
520,wheel,0.9991039
521,bike,0.9985082
522,cyclist,0.9977566
523,sport,0.9913019
524,biker,0.9908309
525,hurry,0.99008447
526,ride,0.9896057
527,athlete,0.98051065
528,track,0.9797472
529,championship,0.9782963
530,racer,0.9769738
531,man,0.96510696
532,helmet,0.9622253
533,seated,0.9610584
534,action,0.9583913
535,fast,0.9566964
536,vehicle,0.9548472
537,adult,0.94627345
538,landscape,0.9961916
539,field,0.987017
540,tree,0.98650986
541,agriculture,0.9844895
542,grass,0.9817263
543,nature,0.9791931
544,farm,0.9688476
545,soil,0.96111953
546,no person,0.95979637
547,countryside,0.9580283
548,rural,0.94933903
549,fall,0.94845665
550,outdoors,0.9469845
551,country,0.9435427
552,sky,0.9420751
553,hayfield,0.9411958
554,golf,0.9379778
555,summer,0.9337739
556,environment,0.9290135
557,season,0.91674423
558,competition,0.9912207
559,wheel,0.97587585
560,race,0.9749912
561,sport,0.97400755
562,bike,0.9691979
563,athlete,0.9379691
564,cyclist,0.92181295
565,hurry,0.9197091
566,man,0.90691835
567,active,0.90075195
568,competition,0.99891484
569,race,0.99441504
570,athlete,0.99360657
571,people,0.9546331
572,action,0.953025
573,vehicle,0.949561
574,adult,0.94256985
575,wheel,0.92553556
576,man,0.9241348
577,championship,0.9221958
578,cyclist,0.91675985
579,champion,0.90929955
580,bike,0.90176547
581,competition,0.9981406
582,race,0.9948672
583,wheel,0.9805263
584,bike,0.9737501
585,cyclist,0.9679161
586,athlete,0.96139425
587,exercise,0.95742154
588,man,0.93565655
589,recreation,0.934304
590,championship,0.9225631
591,woman,0.91337
592,people,0.91162944
593,seated,0.9115319
594,sport,0.9099109
595,bike,0.99851704
596,race,0.9972532
597,competition,0.9960711
598,wheel,0.99352103
599,hurry,0.9798081
600,sport,0.97615314
601,biker,0.97479886
602,cyclist,0.9725849
603,ride,0.97027636
604,fast,0.9678507
605,racer,0.96656036
606,squad,0.94022787
607,athlete,0.9310734
608,championship,0.9305885
609,rider,0.92845476
610,active,0.9141097
611,vehicle,0.90692174
612,helmet,0.90609163
613,competition,0.997449
614,bike,0.99381924
615,race,0.9932755
616,sport,0.98013353
617,wheel,0.9790166
618,ride,0.9682662
619,athlete,0.96700263
620,championship,0.96466404
621,hurry,0.9514787
622,cyclist,0.93595016
623,biker,0.92721266
624,fast,0.922513
625,active,0.9220493
626,squad,0.9143839
627,action,0.91398466
628,helmet,0.90197647
629,competition,0.99982476
630,race,0.9995533
631,athlete,0.99435693
632,sport,0.994184
633,bike,0.99375725
634,championship,0.99014467
635,hurry,0.98847157
636,wheel,0.98390675
637,racer,0.97792256
638,cyclist,0.97387475
639,exercise,0.96872044
640,athletics,0.9631741
641,ride,0.9580448
642,action,0.9569726
643,track,0.9432042
644,action energy,0.9416886
645,fast,0.9382914
646,champion,0.93688357
647,helmet,0.92335325
648,fitness,0.90223515
649,competition,0.9867094
650,athlete,0.9715501
651,adult,0.9630139
652,people,0.9575424
653,race,0.9376817
654,man,0.9356548
655,cyclist,0.92866534
656,one,0.91858965
657,vehicle,0.9012511
658,competition,0.9965683
659,race,0.9783976
660,bike,0.95454025
661,sport,0.9523976
662,championship,0.93613374
663,athlete,0.9257644
664,hurry,0.9090257
665,active,0.90035975
666,competition,0.99918926
667,bike,0.99802196
668,wheel,0.99664295
669,sport,0.9963064
670,cyclist,0.9942941
671,hurry,0.98977137
672,race,0.98881704
673,athlete,0.9850707
674,biker,0.98299557
675,ride,0.9696737
676,people,0.9664445
677,championship,0.9594505
678,motion,0.9519552
679,exercise,0.93927324
680,helmet,0.9390352
681,recreation,0.9272245
682,man,0.91718626
683,adult,0.9141737
684,active,0.9111434
685,fast,0.9083222
686,competition,0.99645567
687,race,0.99532586
688,bike,0.99096453
689,wheel,0.98113286
690,hurry,0.9740367
691,athlete,0.962325
692,cyclist,0.95780385
693,sport,0.95555156
694,championship,0.9379122
695,action,0.93504214
696,ride,0.9286186
697,motion,0.92773545
698,biker,0.9276563
699,man,0.9222994
700,architecture,0.9704858
701,city,0.9586891
702,people,0.95306146
703,building,0.95180947
704,travel,0.9332056
705,no person,0.9295348
706,tourism,0.9288789
707,street,0.92213595
708,religion,0.9077451
709,urban,0.9028423
710,tourist,0.9005022
711,bike,0.9995031
712,competition,0.9994612
713,wheel,0.99936193
714,cyclist,0.9986221
715,race,0.9983835
716,biker,0.99573195
717,ride,0.9920697
718,hurry,0.989187
719,sport,0.9890758
720,athlete,0.9840995
721,motion,0.97152793
722,helmet,0.970937
723,people,0.9647815
724,man,0.9634638
725,adult,0.9619274
726,racer,0.953094
727,seated,0.9512443
728,bicycle,0.9445221
729,championship,0.9419533
730,vehicle,0.9399575
731,water,0.9947002
732,bridge,0.9943284
733,monochrome,0.9928288
734,fog,0.98985094
735,winter,0.9869361
736,no person,0.98563135
737,river,0.9801163
738,dam,0.97934294
739,lake,0.97612727
740,landscape,0.9726509
741,snow,0.96650666
742,architecture,0.9579602
743,dawn,0.9566963
744,reflection,0.95319515
745,mist,0.9490927
746,street,0.9394099
747,black and white,0.9305177
748,travel,0.922616
749,outdoors,0.9201963
750,rain,0.9200548
751,landscape,0.9907423
752,no person,0.9906838
753,water,0.9837936
754,beach,0.9749224
755,sand,0.9694382
756,sky,0.9619393
757,travel,0.95654655
758,seashore,0.9559392
759,desert,0.9556438
760,sea,0.95272815
761,outdoors,0.9417397
762,daylight,0.93819344
763,nature,0.93015313
764,dune,0.92633116
765,ocean,0.92579615
766,dawn,0.911829
767,sunset,0.9108836
768,competition,0.99049014
769,race,0.98949087
770,people,0.98591524
771,vehicle,0.9503938
772,athlete,0.9444489
773,sport,0.9416654
774,road,0.9376712
775,man,0.92935777
776,drag race,0.9173212
777,action,0.91609114
778,event,0.9148042
779,cyclist,0.91434604
780,wheel,0.91260123
781,crowd,0.90430665
782,competition,0.99768674
783,race,0.9976592
784,championship,0.99279505
785,track,0.99195474
786,auto racing,0.9897515
787,veil,0.9701154
788,people,0.95606506
789,wear,0.9550631
790,race (competition),0.9432382
791,adult,0.9213493
792,action,0.9046881
793,wheel,0.9880293
794,bike,0.9864462
795,competition,0.9760932
796,cyclist,0.9731685
797,sport,0.972031
798,race,0.97200656
799,active,0.9648211
800,exercise,0.9562428
801,fitness,0.94446135
802,fun,0.93306255
803,recreation,0.92250806
804,athlete,0.918494
805,biker,0.91564685
806,squad,0.9145139
807,man,0.9082954
808,race,0.99952763
809,competition,0.99948823
810,bike,0.99792683
811,wheel,0.99434745
812,sport,0.9917333
813,championship,0.9878448
814,hurry,0.98773915
815,athlete,0.9863869
816,cyclist,0.9820607
817,racer,0.981334
818,ride,0.97720027
819,biker,0.9733664
820,track,0.9667629
821,fast,0.9642005
822,squad,0.96143657
823,vehicle,0.9602076
824,action,0.95748127
825,helmet,0.946444
826,active,0.9391931
827,winner,0.9324893
828,competition,0.99855196
829,race,0.99207556
830,sport,0.98740613
831,bike,0.98453593
832,wheel,0.9844053
833,athlete,0.9787061
834,championship,0.97248983
835,cyclist,0.9705092
836,hurry,0.9582918
837,action,0.9479199
838,recreation,0.94144404
839,ride,0.9315659
840,biker,0.92562467
841,active,0.9012542
842,bike,0.99874747
843,wheel,0.9983001
844,sport,0.98356426
845,biker,0.9821292
846,competition,0.981069
847,cyclist,0.9805124
848,race,0.9794426
849,ride,0.97629976
850,hurry,0.9743421
851,seated,0.9275286
852,vehicle,0.9043546
853,helmet,0.904017
854,competition,0.9979137
855,race,0.996688
856,bike,0.9949218
857,wheel,0.99427927
858,cyclist,0.98706573
859,athlete,0.979825
860,sport,0.970243
861,biker,0.9669974
862,ride,0.9589932
863,hurry,0.9566622
864,vehicle,0.95388305
865,action,0.9387004
866,seated,0.9323859
867,man,0.9307541
868,people,0.9235787
869,adult,0.92184395
870,racer,0.920509
871,championship,0.91934097
872,action energy,0.9167626
873,squad,0.91481304
874,competition,0.9981864
875,sport,0.9932153
876,race,0.990456
877,wheel,0.9826786
878,hurry,0.9746628
879,bike,0.9715544
880,cyclist,0.970057
881,active,0.9614495
882,athlete,0.96137834
883,man,0.9584314
884,action energy,0.9512751
885,fast,0.9436546
886,squad,0.93868786
887,exercise,0.9385611
888,ride,0.93409
889,recreation,0.92525995
890,championship,0.91595316
891,challenge,0.9046322
892,biker,0.9040676
893,athletics,0.90193105
894,competition,0.9981711
895,race,0.99637604
896,bike,0.99568975
897,wheel,0.9954081
898,cyclist,0.99345565
899,sport,0.9811708
900,biker,0.9734803
901,ride,0.9668997
902,athlete,0.96221614
903,fast,0.9510397
904,helmet,0.95056105
905,adult,0.9485911
906,hurry,0.946209
907,man,0.94206214
908,exercise,0.9415846
909,people,0.9311882
910,recreation,0.9272238
911,active,0.9269062
912,motion,0.9126815
913,seated,0.9105966
914,competition,0.99356174
915,athlete,0.96375036
916,sport,0.9548156
917,championship,0.9447521
918,ball,0.93554366
919,recreation,0.92939466
920,game,0.92884713
921,wood,0.9139082
922,tournament,0.90408957
923,competition,0.99158657
924,bike,0.97769475
925,race,0.97278285
926,sport,0.97201884
927,athlete,0.9647441
928,wheel,0.96274304
929,hurry,0.93449736
930,cyclist,0.93433857
931,exercise,0.9218284
932,people,0.92015004
933,man,0.91619825
934,bike,0.9985171
935,wheel,0.99851334
936,cyclist,0.99372494
937,race,0.992209
938,competition,0.992198
939,biker,0.99178493
940,ride,0.9796647
941,hurry,0.9781908
942,sport,0.972693
943,helmet,0.9503197
944,seated,0.9438156
945,athlete,0.93130124
946,racer,0.92976975
947,man,0.92742753
948,vehicle,0.92601824
949,trial,0.90990597
950,people,0.90705025
951,competition,0.99492353
952,wheel,0.9932589
953,bike,0.9921377
954,race,0.99157614
955,sport,0.9818114
956,cyclist,0.98095113
957,helmet,0.97166675
958,squad,0.9702295
959,athlete,0.96083844
960,biker,0.955925
961,hurry,0.95526576
962,active,0.94604176
963,exercise,0.9395883
964,fast,0.9327067
965,action energy,0.927497
966,fitness,0.9255322
967,ride,0.9226017
968,man,0.9136662
969,competition,0.9951826
970,sport,0.9819271
971,bike,0.96741354
972,athlete,0.96648264
973,championship,0.96422845
974,race,0.9509949
975,hurry,0.9455564
976,recreation,0.9299154
977,exercise,0.9235969
978,wheel,0.9149884
979,man,0.90425545
980,competition,0.9986832
981,sport,0.99408317
982,bike,0.9870113
983,athlete,0.9862484
984,wheel,0.98610437
985,exercise,0.97853005
986,cyclist,0.9754629
987,recreation,0.96903837
988,hurry,0.95425975
989,action,0.95356363
990,ride,0.9291454
991,biker,0.9260415
992,race,0.9207285
993,championship,0.9119282
994,helmet,0.9050678
995,active,0.9049816
996,man,0.90274864
997,competition,0.99884963
998,race,0.99731606
999,wheel,0.9902981
1000,bike,0.98365974
1001,athlete,0.97747993
1002,cyclist,0.97649765
1003,sport,0.97014713
1004,hurry,0.9579159
1005,people,0.9491483
1006,championship,0.94853044
1007,man,0.9411522
1008,active,0.94008625
1009,action,0.93927026
1010,recreation,0.9339384
1011,biker,0.9337357
1012,action energy,0.91964805
1013,exercise,0.9151603
1014,vehicle,0.90910995
1015,track,0.90620303
1016,ride,0.90047115
1017,wheel,0.99655426
1018,bike,0.9942382
1019,cyclist,0.99378777
1020,competition,0.99041593
1021,sport,0.9823473
1022,biker,0.9753424
1023,race,0.97287625
1024,ride,0.9683869
1025,hurry,0.95837116
1026,recreation,0.9407542
1027,exercise,0.93562317
1028,seated,0.93440974
1029,athlete,0.93299735
1030,active,0.92140555
1031,fitness,0.9014493
1032,fast,0.9011294
1033,competition,0.9938396
1034,sport,0.99237883
1035,wheel,0.9914812
1036,bike,0.9881054
1037,cyclist,0.97533095
1038,exercise,0.97520375
1039,athlete,0.9725986
1040,race,0.9659041
1041,active,0.9623593
1042,hurry,0.96110046
1043,fitness,0.9491887
1044,recreation,0.947458
1045,biker,0.94711655
1046,man,0.9438075
1047,action energy,0.93977535
1048,squad,0.9394909
1049,ride,0.9375104
1050,helmet,0.91382766
1051,bike,0.999647
1052,wheel,0.9995944
1053,race,0.99917793
1054,competition,0.9979286
1055,cyclist,0.9971039
1056,sport,0.99539876
1057,biker,0.9940333
1058,hurry,0.9938595
1059,ride,0.99100304
1060,active,0.9790231
1061,fast,0.97793937
1062,seated,0.97353035
1063,bicycle,0.9704398
1064,road,0.9612617
1065,exercise,0.96089435
1066,vehicle,0.9607363
1067,helmet,0.9604014
1068,athlete,0.9469074
1069,rider,0.9467186
1070,racer,0.945323
1071,wheel,0.99696887
1072,bike,0.9965532
1073,race,0.99387115
1074,competition,0.9908587
1075,cyclist,0.99011374
1076,sport,0.976159
1077,active,0.9732367
1078,biker,0.97021806
1079,ride,0.9522721
1080,exercise,0.9451023
1081,seated,0.9392885
1082,athlete,0.92815506
1083,hurry,0.9255483
1084,recreation,0.9202436
1085,fast,0.91479033
1086,people,0.91110456
1087,vehicle,0.9088382
1088,fun,0.9065601
1089,man,0.90342724
1090,wheel,0.9975911
1091,bike,0.9964724
1092,race,0.9955225
1093,cyclist,0.9925585
1094,competition,0.990345
1095,biker,0.9724829
1096,active,0.965543
1097,sport,0.9618305
1098,man,0.9570712
1099,hurry,0.95700336
1100,fast,0.94161457
1101,ride,0.940377
1102,exercise,0.93932116
1103,helmet,0.936552
1104,athlete,0.9336071
1105,seated,0.92199373
1106,racer,0.9146803
1107,fitness,0.9117222
1108,vehicle,0.90865237
1109,recreation,0.90653574
1110,wheel,0.99692845
1111,bike,0.995352
1112,competition,0.9952849
1113,race,0.99260163
1114,sport,0.9874541
1115,cyclist,0.98228073
1116,hurry,0.97430664
1117,biker,0.9655911
1118,active,0.96367025
1119,ride,0.9619074
1120,athlete,0.9566151
1121,motion,0.95279413
1122,man,0.9228534
1123,people,0.9174642
1124,adult,0.91181874
1125,seated,0.9003483
1126,wheel,0.9977821
1127,competition,0.99395204
1128,bike,0.9918932
1129,cyclist,0.9916661
1130,race,0.991045
1131,sport,0.98390317
1132,biker,0.96691215
1133,hurry,0.96019316
1134,athlete,0.95413244
1135,ride,0.95298684
1136,active,0.9382526
1137,seated,0.9304604
1138,exercise,0.92907035
1139,man,0.9110316
1140,people,0.9103326
1141,motion,0.9044728
1142,competition,0.9913184
1143,race,0.9893849
1144,wheel,0.9710842
1145,bike,0.95377696
1146,cyclist,0.94896245
1147,athlete,0.93928987
1148,man,0.93534935
1149,sport,0.9336028
1150,hurry,0.9154895
1151,championship,0.90362835
1152,competition,0.99449074
1153,sport,0.9821991
1154,championship,0.9612415
1155,hurry,0.95727956
1156,race,0.95479304
1157,athlete,0.9525755
1158,exercise,0.93031204
1159,wood,0.9200162
1160,man,0.91669786
1161,action,0.90941423
1162,recreation,0.9070902
1163,active,0.9041276
1164,bike,0.9990169
1165,competition,0.9945305
1166,sport,0.99357474
1167,wheel,0.99266493
1168,race,0.9921234
1169,athlete,0.9823117
1170,cyclist,0.9809002
1171,hurry,0.9791973
1172,biker,0.9718617
1173,ride,0.9715385
1174,active,0.9619235
1175,seated,0.958786
1176,exercise,0.9476748
1177,rider,0.94208103
1178,recreation,0.9374161
1179,vehicle,0.9230372
1180,fitness,0.92293537
1181,squad,0.91490704
1182,action,0.90623176
1183,man,0.990476
1184,competition,0.9782065
1185,adult,0.95246357
1186,athlete,0.95229125
1187,soccer,0.9862243
1188,football,0.97849584
1189,competition,0.9775556
1190,outdoors,0.9326683
1191,adult,0.9182393
1192,people,0.9169674
1193,man,0.9155241
1194,competition,0.9950282
1195,race,0.9875506
1196,championship,0.9604063
1197,man,0.9581897
1198,athlete,0.9567212
1199,adult,0.9533784
1200,people,0.9320888
1201,competition,0.99725837
1202,race,0.9947295
1203,action,0.9721348
1204,wheel,0.9649081
1205,cyclist,0.96077394
1206,vehicle,0.95762503
1207,championship,0.95685923
1208,athlete,0.95313865
1209,helmet,0.9522226
1210,bike,0.94864786
1211,people,0.94000614
1212,ride,0.9240799
1213,adult,0.92173916
1214,man,0.9196315
1215,race,0.9992436
1216,competition,0.9989792
1217,wheel,0.9744377
1218,championship,0.9722055
1219,track,0.9717516
1220,sport,0.9676452
1221,bike,0.9663365
1222,helmet,0.96246755
1223,cyclist,0.9579681
1224,fast,0.95760846
1225,hurry,0.95652264
1226,adult,0.93979925
1227,action,0.9271189
1228,man,0.92547184
1229,biker,0.91692495
1230,people,0.91588306
1231,racer,0.91582805
1232,athlete,0.9114158
1233,competition,0.9975271
1234,race,0.99410963
1235,bike,0.98397946
1236,championship,0.9684634
1237,action,0.94615203
1238,hurry,0.9344215
1239,wheel,0.9290452
1240,ride,0.9258673
1241,racer,0.9245346
1242,athlete,0.9218349
1243,helmet,0.90621376
1244,vehicle,0.9009924
1245,track,0.90017337
1246,competition,0.9974863
1247,race,0.9943588
1248,wheel,0.97601736
1249,bike,0.96628
1250,sport,0.9550923
1251,athlete,0.95489794
1252,championship,0.94802856
1253,hurry,0.93821275
1254,cyclist,0.9244096
1255,fast,0.91388166
1256,action,0.91300035
1257,race,0.9957707
1258,competition,0.9934246
1259,bike,0.96569496
1260,sport,0.96491325
1261,wheel,0.94563836
1262,hurry,0.93108404
1263,athlete,0.92316496
1264,fast,0.9179176
1265,track,0.91382086
1266,championship,0.91297233
1267,cyclist,0.9128631
1268,competition,0.99675715
1269,race,0.9963776
1270,bike,0.9926886
1271,wheel,0.9915023
1272,cyclist,0.9888843
1273,hurry,0.9802183
1274,athlete,0.97664833
1275,vehicle,0.9657232
1276,biker,0.9654753
1277,helmet,0.9614985
1278,sport,0.9611698
1279,people,0.9497844
1280,recreation,0.9471028
1281,ride,0.9420405
1282,adult,0.9414933
1283,man,0.9284624
1284,fast,0.92459047
1285,action,0.9050099
1286,bike,0.9988141
1287,wheel,0.99758494
1288,race,0.9974001
1289,competition,0.9971094
1290,biker,0.99270487
1291,cyclist,0.99174726
1292,ride,0.98380095
1293,sport,0.9761259
1294,hurry,0.96807855
1295,fast,0.9654643
1296,vehicle,0.9651351
1297,helmet,0.95914584
1298,racer,0.9578305
1299,seated,0.9471817
1300,man,0.9462231
1301,athlete,0.94449866
1302,exercise,0.9433607
1303,active,0.939271
1304,recreation,0.9340817
1305,fitness,0.90744996
1306,competition,0.9961359
1307,bike,0.9961097
1308,wheel,0.9933701
1309,race,0.99292994
1310,sport,0.9895056
1311,cyclist,0.98880947
1312,athlete,0.9862758
1313,exercise,0.9753531
1314,biker,0.9683242
1315,active,0.9671261
1316,squad,0.9622932
1317,fitness,0.95872414
1318,people,0.94521165
1319,ride,0.94480276
1320,hurry,0.9412472
1321,recreation,0.93090904
1322,vehicle,0.9295926
1323,man,0.92779446
1324,group together,0.9262307
1325,adult,0.9032557
1326,race,0.99883795
1327,competition,0.99783486
1328,bike,0.9977771
1329,wheel,0.99753
1330,cyclist,0.9823644
1331,ride,0.9793499
1332,squad,0.97817504
1333,sport,0.97728145
1334,biker,0.97173595
1335,hurry,0.9713527
1336,fast,0.96777284
1337,championship,0.9621812
1338,racer,0.9594638
1339,athlete,0.9455323
1340,active,0.943581
1341,vehicle,0.9432876
1342,rider,0.94031465
1343,seated,0.9294512
1344,helmet,0.9281904
1345,people,0.92145526
1346,competition,0.9907718
1347,athlete,0.9670572
1348,race,0.96235555
1349,sport,0.9606525
1350,man,0.94855917
1351,wheel,0.91193926
1352,exercise,0.90865993
1353,wheel,0.9959695
1354,competition,0.9929815
1355,bike,0.99282944
1356,race,0.9916328
1357,cyclist,0.9904214
1358,sport,0.9761764
1359,biker,0.96149194
1360,seated,0.9597792
1361,ride,0.9594947
1362,hurry,0.95602363
1363,exercise,0.9514657
1364,athlete,0.9274256
1365,man,0.92556804
1366,championship,0.91951567
1367,fast,0.9061636
1368,active,0.905501
1369,competition,0.99479556
1370,wheel,0.9913175
1371,bike,0.9901464
1372,race,0.98832357
1373,sport,0.9766978
1374,cyclist,0.97649765
1375,hurry,0.97348356
1376,athlete,0.96549046
1377,biker,0.960253
1378,exercise,0.9474001
1379,active,0.9436914
1380,ride,0.92738265
1381,fitness,0.91695607
1382,recreation,0.9153633
1383,people,0.9108756
1384,fast,0.9101695
1385,lifestyle,0.9061285
1386,competition,0.99969053
1387,race,0.99823344
1388,championship,0.9919888
1389,track,0.98161525
1390,bike,0.96924114
1391,sport,0.96847993
1392,helmet,0.9647194
1393,athlete,0.9614656
1394,hurry,0.9604453
1395,action,0.9528214
1396,fast,0.9479864
1397,man,0.93551874
1398,people,0.9232044
1399,wheel,0.91197187
1400,ride,0.9113134
1401,adult,0.90789735
1402,racer,0.9078003
1403,action energy,0.90459514
1404,motion,0.90436995
1405,cyclist,0.9028891
1406,competition,0.99423724
1407,race,0.99379146
1408,wheel,0.99348044
1409,bike,0.9930521
1410,cyclist,0.9756746
1411,biker,0.96352625
1412,sport,0.95381296
1413,hurry,0.9534763
1414,man,0.94276875
1415,ride,0.93890023
1416,squad,0.9256985
1417,athlete,0.9231843
1418,exercise,0.91300225
1419,active,0.90196097
1420,competition,0.9917042
1421,wheel,0.9908829
1422,race,0.98982674
1423,cyclist,0.9841737
1424,bike,0.97952116
1425,exercise,0.9704909
1426,action,0.9430522
1427,fitness,0.9417609
1428,athlete,0.9393259
1429,active,0.93380535
1430,sport,0.9298314
1431,biker,0.9252594
1432,man,0.9148443
1433,fast,0.91361415
1434,people,0.9094752
1435,vehicle,0.9073856
1436,ride,0.9041941
1437,recreation,0.9033953
1438,seated,0.90229017
1439,competition,0.9980502
1440,race,0.9900779
1441,wheel,0.98481166
1442,sport,0.9832931
1443,bike,0.9785074
1444,championship,0.96742606
1445,athlete,0.9628066
1446,hurry,0.95550036
1447,cyclist,0.94730854
1448,action,0.9247601
1449,biker,0.9172177
1450,bike,0.9963192
1451,competition,0.9942318
1452,race,0.9922319
1453,wheel,0.9899963
1454,ride,0.97627056
1455,sport,0.96693367
1456,cyclist,0.96339107
1457,biker,0.95575976
1458,hurry,0.9502443
1459,athlete,0.9496659
1460,active,0.9272697
1461,fast,0.9222426
1462,recreation,0.9140793
1463,competition,0.99607223
1464,race,0.9955319
1465,bike,0.987663
1466,wheel,0.9855455
1467,cyclist,0.97639745
1468,athlete,0.9688554
1469,hurry,0.9670507
1470,sport,0.9584476
1471,biker,0.95832
1472,action,0.9370924
1473,exercise,0.93706346
1474,championship,0.9323453
1475,active,0.9309021
1476,motion,0.9302608
1477,man,0.9279146
1478,ride,0.92731285
1479,fast,0.92528856
1480,action energy,0.9180542
1481,adult,0.91760314
1482,seated,0.906813
1483,wheel,0.9969565
1484,competition,0.9954442
1485,bike,0.99505544
1486,race,0.9945667
1487,cyclist,0.9878418
1488,sport,0.97440815
1489,biker,0.96831924
1490,hurry,0.9627536
1491,athlete,0.9607861
1492,active,0.95613074
1493,ride,0.9494135
1494,vehicle,0.9482928
1495,man,0.9310222
1496,recreation,0.9244275
1497,people,0.9156799
1498,exercise,0.91097116
1499,seated,0.9093671
1500,competition,0.9996885
1501,bike,0.9983765
1502,sport,0.997867
1503,race,0.99681616
1504,athlete,0.98749477
1505,hurry,0.9860846
1506,wheel,0.98405135
1507,fast,0.9813431
1508,cyclist,0.9778656
1509,biker,0.9777633
1510,active,0.97729415
1511,squad,0.9750793
1512,ride,0.97182584
1513,championship,0.96713793
1514,winner,0.9658724
1515,man,0.9637685
1516,action energy,0.950297
1517,people,0.92909503
1518,racer,0.928791
1519,action,0.9264934
1520,competition,0.9986119
1521,bike,0.99818736
1522,race,0.9972305
1523,wheel,0.9960181
1524,sport,0.99208856
1525,hurry,0.99141
1526,cyclist,0.99080676
1527,biker,0.9789436
1528,athlete,0.97374606
1529,fast,0.9731127
1530,championship,0.9709335
1531,ride,0.9583488
1532,active,0.9470247
1533,exercise,0.9426643
1534,helmet,0.93677497
1535,racer,0.93456167
1536,man,0.9301691
1537,fitness,0.9096614
1538,rider,0.90746325
1539,competition,0.99843794
1540,bike,0.997476
1541,race,0.99654293
1542,wheel,0.99644864
1543,cyclist,0.99564826
1544,biker,0.99254084
1545,hurry,0.9861399
1546,athlete,0.9803542
1547,sport,0.98001766
1548,ride,0.97598547
1549,people,0.9730141
1550,action,0.9689742
1551,adult,0.96882343
1552,vehicle,0.9670396
1553,seated,0.96524274
1554,recreation,0.9599662
1555,helmet,0.95714474
1556,motion,0.9552839
1557,fast,0.94519246
1558,action energy,0.9426767
1559,race,0.999634
1560,competition,0.9993662
1561,bike,0.9992173
1562,wheel,0.9980966
1563,sport,0.9951029
1564,cyclist,0.99456716
1565,athlete,0.99398094
1566,track,0.98818433
1567,championship,0.98703134
1568,hurry,0.98275936
1569,exercise,0.98116744
1570,seated,0.972713
1571,biker,0.96683127
1572,ride,0.96520334
1573,racer,0.96450055
1574,endurance,0.9615163
1575,vehicle,0.96063447
1576,action,0.9594412
1577,people,0.9427915
1578,group together,0.94248194
1579,competition,0.9997763
1580,race,0.99887836
1581,bike,0.99815935
1582,wheel,0.99756795
1583,sport,0.9972943
1584,cyclist,0.9970635
1585,athlete,0.9938961
1586,hurry,0.99017227
1587,biker,0.98750156
1588,ride,0.9777426
1589,adult,0.969072
1590,championship,0.96638894
1591,sportsman,0.9565518
1592,seated,0.95595634
1593,active,0.95457244
1594,motion,0.94843644
1595,helmet,0.94807637
1596,racer,0.94635296
1597,man,0.9345087
1598,action energy,0.9311584
1599,competition,0.9991106
1600,wheel,0.9973639
1601,bike,0.9969351
1602,race,0.99552834
1603,sport,0.9910923
1604,cyclist,0.9897338
1605,hurry,0.9863591
1606,biker,0.9783833
1607,championship,0.97288287
1608,ride,0.97219616
1609,athlete,0.968471
1610,active,0.9585167
1611,fast,0.95808184
1612,man,0.9423959
1613,action,0.9406941
1614,racer,0.92068565
1615,people,0.91877776
1616,helmet,0.9170102
1617,race,0.99910927
1618,wheel,0.99709177
1619,competition,0.99607366
1620,bike,0.99497443
1621,sport,0.993889
1622,exercise,0.9864495
1623,athlete,0.985469
1624,cyclist,0.9841298
1625,hurry,0.9704138
1626,endurance,0.96864223
1627,fitness,0.9635111
1628,active,0.94759786
1629,biker,0.9444201
1630,track,0.9383425
1631,championship,0.9381871
1632,recreation,0.93797624
1633,racer,0.93789196
1634,fast,0.91064894
1635,ride,0.9088293
1636,strength,0.9039221
1637,wheel,0.9986135
1638,competition,0.99804467
1639,cyclist,0.9965662
1640,bike,0.99533904
1641,biker,0.98781705
1642,hurry,0.9833321
1643,sport,0.98093814
1644,race,0.97439367
1645,fast,0.963598
1646,action,0.96245134
1647,exercise,0.95553577
1648,ride,0.9531188
1649,active,0.94615865
1650,action energy,0.94531727
1651,athlete,0.94266915
1652,seated,0.9423766
1653,recreation,0.9413401
1654,roll along,0.9321565
1655,fitness,0.92858785
1656,man,0.92489994
1657,race,0.9974792
1658,competition,0.9937714
1659,wheel,0.98835254
1660,bike,0.9874149
1661,sport,0.98171294
1662,cyclist,0.97207403
1663,hurry,0.9718292
1664,athlete,0.95772094
1665,people,0.9438742
1666,fast,0.939571
1667,man,0.92962825
1668,motion,0.9216354
1669,ride,0.9216256
1670,biker,0.9174342
1671,racer,0.9174024
1672,teamwork,0.91190016
1673,squad,0.91189706
1674,track,0.9071735
1675,exercise,0.90544
1676,adult,0.90479016
1677,competition,0.99707675
1678,sport,0.99081933
1679,race,0.976262
1680,athlete,0.9726224
1681,bike,0.95486796
1682,championship,0.9480996
1683,active,0.94167817
1684,exercise,0.9382727
1685,hurry,0.92626315
1686,squad,0.92052984
1687,recreation,0.91651994
1688,man,0.9159198
1689,wheel,0.9149182
1690,athletics,0.90590346
1691,fast,0.9057814
1692,competition,0.9997883
1693,race,0.99872375
1694,wheel,0.99800724
1695,cyclist,0.99705935
1696,bike,0.9947212
1697,sport,0.9934945
1698,athlete,0.99099994
1699,championship,0.9865471
1700,hurry,0.98276544
1701,helmet,0.9801762
1702,ride,0.97938305
1703,biker,0.977641
1704,action,0.9659893
1705,man,0.9621867
1706,exercise,0.9508931
1707,seated,0.94549316
1708,track,0.94336057
1709,people,0.9421848
1710,fast,0.9389172
1711,adult,0.9325172
1712,race,0.9959893
1713,competition,0.9948706
1714,bike,0.99196213
1715,wheel,0.9919003
1716,sport,0.9738108
1717,cyclist,0.9647511
1718,biker,0.9624286
1719,championship,0.94326437
1720,athlete,0.93491083
1721,hurry,0.9348984
1722,fast,0.931193
1723,exercise,0.9277265
1724,active,0.9235559
1725,ride,0.9226414
1726,track,0.91861665
1727,bike,0.9988601
1728,competition,0.9982171
1729,race,0.9978877
1730,sport,0.9952259
1731,wheel,0.99373114
1732,squad,0.99244225
1733,hurry,0.9848088
1734,cyclist,0.98336834
1735,biker,0.9832103
1736,ride,0.98192805
1737,active,0.976337
1738,athlete,0.9700342
1739,fast,0.96587515
1740,helmet,0.9584245
1741,championship,0.95136094
1742,rider,0.94593674
1743,man,0.9440156
1744,racer,0.93440413
1745,exercise,0.9313346
1746,people,0.92964035
1747,competition,0.9930358
1748,sport,0.9814319
1749,people,0.9605278
1750,game,0.95182586
1751,recreation,0.9404595
1752,race,0.9312059
1753,event,0.9253948
1754,vehicle,0.9156964
1755,ball,0.9124024
1756,championship,0.9086335
1757,hurry,0.9079317
1758,athlete,0.90717065
1759,competition,0.99862695
1760,race,0.99449277
1761,bike,0.99084723
1762,wheel,0.98946214
1763,sport,0.9849633
1764,hurry,0.9755987
1765,ride,0.9681516
1766,cyclist,0.96443594
1767,championship,0.961362
1768,athlete,0.95246553
1769,track,0.9495845
1770,action,0.94099915
1771,biker,0.9392005
1772,motion,0.93301547
1773,challenge,0.91670024
1774,people,0.903898
1775,fast,0.9020432
1776,wheel,0.9998305
1777,cyclist,0.99940276
1778,bike,0.99864733
1779,sport,0.9960331
1780,competition,0.9959856
1781,race,0.9958864
1782,biker,0.9942079
1783,exercise,0.9846916
1784,ride,0.9845891
1785,bicycle,0.979639
1786,seated,0.9772304
1787,athlete,0.9770305
1788,hurry,0.9748738
1789,helmet,0.9725007
1790,active,0.97225404
1791,fitness,0.962068
1792,recreation,0.95552266
1793,roll along,0.9491655
1794,action energy,0.9418855
1795,fast,0.9298998
1796,competition,0.998113
1797,bike,0.9974184
1798,race,0.9918815
1799,hurry,0.9855951
1800,sport,0.9827623
1801,championship,0.97884184
1802,ride,0.9732468
1803,wheel,0.96733356
1804,fast,0.9609773
1805,track,0.94700336
1806,squad,0.94654804
1807,helmet,0.94194806
1808,biker,0.9388118
1809,teamwork,0.93315834
1810,athlete,0.91221297
1811,man,0.9121505
1812,cyclist,0.90852976
1813,motion,0.90838116
1814,competition,0.9966296
1815,race,0.99596965
1816,bike,0.99463034
1817,sport,0.9863236
1818,wheel,0.98500633
1819,squad,0.9713503
1820,hurry,0.97018516
1821,athlete,0.9691773
1822,ride,0.9686237
1823,championship,0.95547885
1824,fast,0.9439374
1825,racer,0.9437934
1826,active,0.94050026
1827,cyclist,0.9361856
1828,biker,0.92985046
1829,man,0.92871356
1830,teamwork,0.92774343
1831,exercise,0.91542697
1832,action,0.90465564
1833,competition,0.9998183
1834,race,0.99977034
1835,bike,0.9986738
1836,wheel,0.9981482
1837,cyclist,0.99664736
1838,hurry,0.9956229
1839,championship,0.9954725
1840,athlete,0.9922394
1841,biker,0.99156636
1842,sport,0.9913982
1843,action,0.9897349
1844,racer,0.98413515
1845,fast,0.9793738
1846,ride,0.978075
1847,helmet,0.9774946
1848,vehicle,0.96921706
1849,track,0.95960224
1850,man,0.9485588
1851,recreation,0.9423735
1852,motion,0.9321268
1853,race,0.99939775
1854,competition,0.9986391
1855,bike,0.99579376
1856,championship,0.9897312
1857,wheel,0.9874372
1858,track,0.9865587
1859,sport,0.9861679
1860,racer,0.96872616
1861,hurry,0.96528995
1862,squad,0.96015406
1863,ride,0.95743823
1864,action,0.9556091
1865,cyclist,0.9537394
1866,fast,0.9510865
1867,biker,0.945521
1868,vehicle,0.9441014
1869,athlete,0.92934275
1870,bike,0.9990491
1871,race,0.9987502
1872,wheel,0.9983424
1873,competition,0.9975021
1874,biker,0.9902566
1875,cyclist,0.98831594
1876,ride,0.98484313
1877,hurry,0.9833268
1878,sport,0.9760844
1879,vehicle,0.9731197
1880,seated,0.96325135
1881,championship,0.9608146
1882,racer,0.96079624
1883,helmet,0.96068203
1884,rider,0.95155215
1885,fast,0.9514141
1886,track,0.95060074
1887,action,0.94970196
1888,active,0.9491949
1889,man,0.9282251
1890,race,0.99191695
1891,competition,0.9911589
1892,bike,0.9529989
1893,wheel,0.9477984
1894,athlete,0.94100285
1895,championship,0.9379402
1896,man,0.9372194
1897,sport,0.9311376
1898,people,0.9303657
1899,recreation,0.9190737
1900,adult,0.9112544
1901,squad,0.90494955
1902,cyclist,0.9042834
1903,exercise,0.9041067
1904,track,0.9032639
1905,race,0.9992768
1906,competition,0.9991496
1907,bike,0.99862814
1908,championship,0.99335694
1909,wheel,0.9919692
1910,hurry,0.99134886
1911,sport,0.9875005
1912,racer,0.98652697
1913,ride,0.98567677
1914,track,0.9777806
1915,cyclist,0.97192323
1916,fast,0.96768695
1917,athlete,0.9621458
1918,biker,0.95676816
1919,action,0.95539534
1920,squad,0.94507647
1921,vehicle,0.92558324
1922,helmet,0.9112066
1923,man,0.9054501
1924,motion,0.9018563
1925,competition,0.9970751
1926,bike,0.99555266
1927,race,0.99365926
1928,wheel,0.98764515
1929,cyclist,0.983215
1930,sport,0.9831917
1931,biker,0.97834826
1932,hurry,0.9771663
1933,ride,0.9672754
1934,athlete,0.96496487
1935,adult,0.9425324
1936,active,0.93675053
1937,people,0.93657833
1938,man,0.93158233
1939,motion,0.93094635
1940,recreation,0.9271642
1941,action,0.92058355
1942,helmet,0.9180591
1943,championship,0.9179311
1944,fast,0.9148871
1945,race,0.9990438
1946,bike,0.9986994
1947,competition,0.99748623
1948,wheel,0.99300706
1949,ride,0.9848421
1950,vehicle,0.9826889
1951,racer,0.9812852
1952,biker,0.9806714
1953,cyclist,0.97862357
1954,championship,0.9750216
1955,hurry,0.9733734
1956,track,0.96367514
1957,squad,0.9629544
1958,sport,0.96014833
1959,fast,0.95914423
1960,seated,0.9358906
1961,teamwork,0.9346523
1962,people,0.9312861
1963,helmet,0.9243784
1964,athlete,0.91102076
1965,competition,0.99640167
1966,race,0.9944065
1967,sport,0.9928389
1968,hurry,0.9886194
1969,bike,0.9650798
1970,athlete,0.9502064
1971,wheel,0.94851375
1972,championship,0.94837
1973,active,0.9449549
1974,fast,0.94254816
1975,man,0.9328315
1976,exercise,0.9264337
1977,action energy,0.9227148
1978,competition,0.99946326
1979,race,0.9991753
1980,bike,0.99139774
1981,championship,0.9907619
1982,athlete,0.9840014
1983,racer,0.98080033
1984,sport,0.9750041
1985,hurry,0.9726347
1986,track,0.9659028
1987,ride,0.96380043
1988,squad,0.96341217
1989,wheel,0.95405877
1990,action,0.9428055
1991,action energy,0.9307623
1992,cyclist,0.9273411
1993,fast,0.9163946
1994,man,0.916103
1995,cup,0.91397464
1996,helmet,0.90583557
1997,competition,0.9984137
1998,race,0.99593914
1999,wheel,0.9897841
2000,bike,0.9853095
2001,cyclist,0.9793192
2002,athlete,0.9740763
2003,ride,0.9645357
2004,hurry,0.9617368
2005,action,0.9535353
2006,sport,0.9475919
2007,championship,0.9471611
2008,man,0.9371136
2009,biker,0.9360596
2010,track,0.93134654
2011,seated,0.93092835
2012,vehicle,0.9057151
2013,race,0.9975963
2014,competition,0.9974083
2015,wheel,0.99416703
2016,cyclist,0.99041975
2017,bike,0.98096997
2018,ride,0.96799135
2019,athlete,0.9669783
2020,squad,0.9567273
2021,biker,0.9558126
2022,man,0.9547366
2023,sport,0.95466495
2024,action,0.9346907
2025,people,0.9321368
2026,road,0.9202287
2027,vehicle,0.91833436
2028,elite,0.9025075
2029,competition,0.9973334
2030,bike,0.9966197
2031,race,0.99611056
2032,wheel,0.98841053
2033,sport,0.98206687
2034,active,0.9789696
2035,athlete,0.9772117
2036,ride,0.9739928
2037,hurry,0.96467066
2038,biker,0.9539373
2039,cyclist,0.94528294
2040,fast,0.94267976
2041,man,0.9417256
2042,exercise,0.9400606
2043,squad,0.9322472
2044,seated,0.923178
2045,rider,0.9231293
2046,action energy,0.9194187
2047,racer,0.90995586
2048,action,0.90730894
2049,competition,0.9989368
2050,race,0.9987056
2051,championship,0.98686343
2052,track,0.9828379
2053,athlete,0.9481858
2054,adult,0.9396289
2055,man,0.9395597
2056,action,0.9271663
2057,cup,0.92652535
2058,auto racing,0.9145806
2059,competition,0.99816954
2060,race,0.9970696
2061,championship,0.9663146
2062,track,0.9649548
2063,athlete,0.95572346
2064,bike,0.95374966
2065,action,0.9428287
2066,wheel,0.92399013
2067,cyclist,0.918849
2068,man,0.9024191
2069,competition,0.99841845
2070,race,0.9964453
2071,championship,0.99007916
2072,track,0.9869105
2073,helmet,0.9810803
2074,action,0.94578123
2075,auto racing,0.9262291
2076,man,0.9225851
2077,adult,0.90283656
2078,race,0.9987017
2079,competition,0.99867487
2080,wheel,0.9980798
2081,bike,0.9957631
2082,cyclist,0.9951503
2083,vehicle,0.9927293
2084,biker,0.98192
2085,seated,0.9690606
2086,people,0.96843404
2087,athlete,0.96751237
2088,road,0.96576285
2089,action,0.95912826
2090,hurry,0.9589026
2091,man,0.9538125
2092,sport,0.9438087
2093,championship,0.93994236
2094,group together,0.9311397
2095,champion,0.9287329
2096,ride,0.9221512
2097,populace,0.90935445
2098,race,0.9984981
2099,competition,0.9973121
2100,wheel,0.9966421
2101,bike,0.99377966
2102,cyclist,0.99153817
2103,vehicle,0.9809395
2104,man,0.97606397
2105,squad,0.964522
2106,people,0.9632123
2107,sport,0.95889896
2108,biker,0.95610845
2109,road,0.95474416
2110,hurry,0.9468776
2111,group together,0.9409903
2112,athlete,0.9370663
2113,populace,0.93517
2114,editorial,0.92305577
2115,action,0.9190424
2116,track,0.90985686
2117,helmet,0.90780485
2118,race,0.9990916
2119,competition,0.99875426
2120,sport,0.9841019
2121,adult,0.97728443
2122,man,0.9757025
2123,track,0.96560925
2124,championship,0.9652134
2125,hurry,0.96055686
2126,fast,0.9333441
2127,helmet,0.92572427
2128,protection,0.92223275
2129,people,0.9175323
2130,athlete,0.91685957
2131,cyclist,0.9113833
2132,cup,0.9113364
2133,wheel,0.90665996
2134,competition,0.9973717
2135,race,0.9965172
2136,athlete,0.9583876
2137,championship,0.95826113
2138,sport,0.94786954
2139,man,0.94660926
2140,hurry,0.94304836
2141,wheel,0.9364061
2142,bike,0.93484616
2143,adult,0.9215043
2144,squad,0.9066751
2145,track,0.9009161
2146,wheel,0.99936754
2147,race,0.99905604
2148,bike,0.9990246
2149,competition,0.9985703
2150,cyclist,0.9985497
2151,biker,0.992643
2152,vehicle,0.9920078
2153,hurry,0.9789587
2154,helmet,0.97810537
2155,man,0.9733993
2156,racer,0.96737385
2157,road,0.96689516
2158,trial,0.96564686
2159,championship,0.9611925
2160,seated,0.9516238
2161,velo,0.9500709
2162,elite,0.94683623
2163,ride,0.9422202
2164,sport,0.9402592
2165,squad,0.93821406
2166,race,0.9988524
2167,competition,0.9978766
2168,bike,0.9967388
2169,cyclist,0.9936006
2170,wheel,0.99129546
2171,track,0.9853424
2172,biker,0.9826846
2173,vehicle,0.9756778
2174,ride,0.9699465
2175,championship,0.9579245
2176,man,0.94600344
2177,action,0.9444817
2178,road,0.94406307
2179,athlete,0.92709494
2180,trial,0.9261035
2181,rider,0.9238063
2182,people,0.92204785
2183,racer,0.9184675
2184,seated,0.9178095
2185,hurry,0.9157158
2186,wheel,0.9992789
2187,bike,0.99910146
2188,cyclist,0.9977374
2189,race,0.99750924
2190,competition,0.9931433
2191,biker,0.98993707
2192,hurry,0.9838062
2193,sport,0.9668957
2194,vehicle,0.9632332
2195,road,0.96200913
2196,ride,0.95696586
2197,seated,0.9525184
2198,squad,0.9458544
2199,bicycle,0.94109493
2200,man,0.9368001
2201,rider,0.9354945
2202,fast,0.933329
2203,helmet,0.93270993
2204,racer,0.92713964
2205,athlete,0.9263998
2206,race,0.99688035
2207,competition,0.99489903
2208,wheel,0.9947318
2209,bike,0.98968434
2210,cyclist,0.967842
2211,sport,0.96509033
2212,hurry,0.9582181
2213,track,0.9520813
2214,ride,0.947024
2215,exercise,0.9408542
2216,action,0.9304035
2217,championship,0.92962784
2218,man,0.9246562
2219,athlete,0.9228328
2220,biker,0.91883886
2221,squad,0.9104072
2222,road,0.9092017
2223,bike,0.99786246
2224,competition,0.9974844
2225,race,0.9972236
2226,vehicle,0.9815872
2227,championship,0.98031425
2228,wheel,0.9801327
2229,biker,0.9707917
2230,cyclist,0.97076845
2231,man,0.9693295
2232,racer,0.9636797
2233,hurry,0.9590547
2234,ride,0.9523668
2235,track,0.95131725
2236,International,0.9503635
2237,drive,0.94680953
2238,action,0.9445138
2239,people,0.9409994
2240,fast,0.931986
2241,sport,0.92542756
2242,helmet,0.9238578
2243,wheel,0.99128485
2244,bike,0.98904943
2245,competition,0.984395
2246,sport,0.9727529
2247,cyclist,0.9722798
2248,people,0.9714402
2249,adult,0.9615463
2250,hurry,0.94000655
2251,man,0.93791586
2252,transportation system,0.93224615
2253,biker,0.93216145
2254,race,0.9296578
2255,seated,0.9122635
2256,competition,0.9878943
2257,sport,0.98124164
2258,wheel,0.97705853
2259,athlete,0.9751282
2260,exercise,0.970474
2261,race,0.9622692
2262,man,0.95110095
2263,cyclist,0.9489136
2264,adult,0.9480399
2265,fitness,0.94562066
2266,people,0.9366991
2267,recreation,0.91627234
2268,competition,0.99041975
2269,adult,0.97735846
2270,sport,0.97397923
2271,athlete,0.9618666
2272,people,0.95887077
2273,motion,0.9408394
2274,race,0.9377877
2275,man,0.9374705
2276,wheel,0.93678534
2277,hurry,0.9323399
2278,cyclist,0.9269279
2279,competition,0.997538
2280,race,0.9941724
2281,bike,0.9873705
2282,wheel,0.97250986
2283,cyclist,0.97011626
2284,athlete,0.9615965
2285,sport,0.95778775
2286,championship,0.9564396
2287,man,0.9559053
2288,hurry,0.9440414
2289,exercise,0.94389415
2290,action,0.93249834
2291,adult,0.92185533
2292,ride,0.91118836
2293,competition,0.995757
2294,race,0.9922345
2295,wheel,0.98608446
2296,bike,0.9831184
2297,cyclist,0.9714886
2298,seated,0.9623076
2299,sport,0.96173763
2300,ride,0.9479847
2301,vehicle,0.9437683
2302,championship,0.9409729
2303,man,0.93914545
2304,hurry,0.93878603
2305,adult,0.92694503
2306,action,0.92169714
2307,athlete,0.9157643
2308,track,0.9070022
2309,competition,0.99229324
2310,race,0.95971215
2311,man,0.95491505
2312,people,0.954422
2313,championship,0.9476061
2314,athlete,0.98102903
2315,competition,0.9750251
2316,sport,0.9743357
2317,exercise,0.9613336
2318,man,0.951833
2319,strength,0.9369853
2320,race,0.92490184
2321,coaching,0.9219334
2322,endurance,0.91109
2323,fitness,0.904281
2324,competition,0.9870114
2325,race,0.98623705
2326,sport,0.96014667
2327,wheel,0.9549562
2328,bike,0.9521972
2329,man,0.9457023
2330,athlete,0.9428418
2331,people,0.9336688
2332,squad,0.9321449
2333,competition,0.99496484
2334,athlete,0.97244704
2335,race,0.9620866
2336,sport,0.96172726
2337,man,0.9553547
2338,exercise,0.93823683
2339,active,0.93816304
2340,people,0.9329729
2341,recreation,0.9248188
2342,wheel,0.91285217
2343,championship,0.91137993
2344,competition,0.99643505
2345,race,0.9959507
2346,wheel,0.9941343
2347,cyclist,0.99313664
2348,sport,0.9894341
2349,bike,0.9873526
2350,athlete,0.9775939
2351,adult,0.953704
2352,hurry,0.9406583
2353,biker,0.9388062
2354,exercise,0.9332462
2355,ride,0.9331099
2356,people,0.92823386
2357,man,0.9148642
2358,motion,0.90933156
2359,championship,0.9062136
2360,competition,0.996381
2361,helmet,0.994779
2362,race,0.9920239
2363,man,0.9707241
2364,championship,0.9702581
2365,track,0.96942496
2366,people,0.9631664
2367,action,0.94784415
2368,bike,0.94330275
2369,adult,0.93446994
2370,uniform,0.92532265
2371,vehicle,0.9194052
2372,athlete,0.90948594
2373,one,0.9092955
2374,recreation,0.90884304
2375,protection,0.9022293
2376,competition,0.9893756
2377,race,0.9559785
2378,sport,0.9355736
2379,championship,0.9310438
2380,man,0.9238167
2381,people,0.918145
2382,adult,0.9038669
2383,competition,0.9928845
2384,sport,0.983986
2385,race,0.98266745
2386,championship,0.95095825
2387,athlete,0.94138765
2388,hurry,0.93549055
2389,bike,0.923893
2390,exercise,0.90939456
2391,bike,0.9990606
2392,race,0.99898976
2393,wheel,0.9987434
2394,competition,0.99846166
2395,cyclist,0.9968574
2396,sport,0.9927106
2397,biker,0.9879081
2398,hurry,0.985075
2399,ride,0.9826079
2400,athlete,0.9773715
2401,seated,0.9648553
2402,racer,0.9526899
2403,fast,0.95236385
2404,vehicle,0.9522033
2405,exercise,0.94692576
2406,active,0.9452765
2407,squad,0.94511193
2408,championship,0.9431238
2409,track,0.91948277
2410,action,0.91546685
2411,bike,0.99922985
2412,competition,0.99897796
2413,wheel,0.9988556
2414,race,0.9981525
2415,sport,0.99372274
2416,ride,0.99175394
2417,cyclist,0.98978114
2418,hurry,0.98781073
2419,championship,0.98175746
2420,biker,0.9796506
2421,athlete,0.9663677
2422,action,0.962895
2423,racer,0.9627816
2424,vehicle,0.9605722
2425,seated,0.9508219
2426,fast,0.9499359
2427,track,0.93553793
2428,squad,0.93538415
2429,helmet,0.9120476
2430,bicycle,0.90745264
2431,cemetery,0.99479014
2432,church,0.99371374
2433,religion,0.9925052
2434,architecture,0.98921525
2435,no person,0.9783427
2436,old,0.97327983
2437,building,0.9728719
2438,grave,0.9720405
2439,tombstone,0.96181846
2440,cross,0.94400454
2441,travel,0.9436424
2442,ancient,0.93916416
2443,stone,0.9341799
2444,outdoors,0.93129826
2445,chapel,0.9217322
2446,house,0.92122316
2447,religious,0.9107314
2448,sky,0.9075135
2449,grass,0.90717083
2450,church,0.9873634
2451,religion,0.9866899
2452,architecture,0.9832061
2453,cemetery,0.98164856
2454,no person,0.9774647
2455,old,0.96714747
2456,travel,0.95596224
2457,ancient,0.9556244
2458,stone,0.94515395
2459,outdoors,0.94201684
2460,building,0.94031703
2461,cross,0.927122
2462,Gothic,0.92624426
2463,sky,0.91808176
2464,tower,0.91253483
2465,tombstone,0.9055177
2466,grave,0.9053776
2467,landscape,0.99745655
2468,tree,0.9959972
2469,fall,0.9920392
2470,wood,0.9882181
2471,nature,0.9851744
2472,park,0.97354054
2473,environment,0.9652224
2474,leaf,0.9644235
2475,season,0.961465
2476,branch,0.9592234
2477,no person,0.94977367
2478,trunk,0.9445622
2479,guidance,0.94170934
2480,fog,0.9413763
2481,weather,0.93766904
2482,winter,0.9365304
2483,rural,0.93393755
2484,countryside,0.932915
2485,dawn,0.92969656
2486,scene,0.91628766
2487,statue,0.9957361
2488,travel,0.9915259
2489,architecture,0.9899509
2490,no person,0.98909056
2491,sculpture,0.98533964
2492,outdoors,0.97662926
2493,bronze,0.9689422
2494,sky,0.9667011
2495,ancient,0.9623152
2496,stone,0.9591536
2497,traditional,0.9470812
2498,monument,0.94355667
2499,art,0.9422556
2500,sightseeing,0.9372083
2501,old,0.9256455
2502,city,0.91392124
2503,nature,0.9959513
2504,flower,0.99112475
2505,no person,0.9906243
2506,flora,0.9882482
2507,outdoors,0.9774723
2508,garden,0.9748762
2509,leaf,0.9670117
2510,summer,0.9607911
2511,growth,0.9435899
2512,grass,0.9314841
2513,closeup,0.92456734
2514,park,0.9240567
2515,little,0.9214431
2516,petal,0.9188116
2517,season,0.91436136
2518,bright,0.9081662
2519,delicate,0.902547
2520,sign,0.9915551
2521,text,0.9822663
2522,label,0.97597694
2523,no person,0.9635819
2524,number,0.9597517
2525,business,0.9476048
2526,award,0.94631445
2527,promotion,0.9422987
2528,exhibition,0.92314935
2529,template,0.9126294
2530,symbol,0.91131663
2531,administration,0.91113544
2532,illustration,0.9108834
2533,banner,0.91027176
2534,signalise,0.90885115
2535,bird,0.9942894
2536,wildlife,0.9920064
2537,nature,0.9872715
2538,animal,0.971452
2539,wild,0.95598346
2540,outdoors,0.9512973
2541,no person,0.94063306
2542,avian,0.92776734
2543,beak,0.9237374
2544,tree,0.9102584
2545,race,0.9956004
2546,competition,0.9855544
2547,wheel,0.98407066
2548,sport,0.9683864
2549,bike,0.9592168
2550,cyclist,0.95864636
2551,man,0.94690716
2552,exercise,0.9376278
2553,hurry,0.9286705
2554,marathon,0.92698944
2555,people,0.9266514
2556,road,0.9175537
2557,squad,0.914018
2558,competition,0.9989451
2559,athlete,0.99306566
2560,race,0.97527385
2561,stadium,0.9725492
2562,action,0.9626189
2563,teamwork,0.958693
2564,motion,0.95820653
2565,squad,0.9575334
2566,hurry,0.9543633
2567,game,0.94576275
2568,ball,0.9405049
2569,action energy,0.9262531
2570,sport,0.91362274
2571,bike,0.913095
2572,competition,0.9981761
2573,athlete,0.99790776
2574,race,0.991962
2575,recreation,0.9747921
2576,people,0.97065705
2577,cyclist,0.9642489
2578,action,0.9479602
2579,exercise,0.9439909
2580,road,0.9427153
2581,wheel,0.93623626
2582,sport,0.9316209
2583,group together,0.92006075
2584,bike,0.9161377
2585,race,0.99694705
2586,competition,0.9964775
2587,bike,0.9909525
2588,sport,0.98499334
2589,wheel,0.9844625
2590,athlete,0.9739288
2591,cyclist,0.9682095
2592,hurry,0.9643971
2593,championship,0.96218145
2594,action,0.946066
2595,ride,0.9327411
2596,fast,0.92488307
2597,track,0.9099629
2598,racer,0.90879315
2599,action energy,0.90794504
2600,squad,0.90616167
2601,biker,0.90394044
2602,vehicle,0.902042
2603,race,0.9992449
2604,competition,0.9978789
2605,bike,0.9966367
2606,wheel,0.9910925
2607,track,0.9779365
2608,cyclist,0.9778309
2609,championship,0.9745642
2610,athlete,0.96280456
2611,ride,0.9617318
2612,action,0.95820236
2613,biker,0.9555603
2614,hurry,0.95281863
2615,sport,0.9502984
2616,racer,0.9191042
2617,vehicle,0.91893643
2618,seated,0.9149399
2619,fast,0.9051901
2620,people,0.9048671
2621,competition,0.99096406
2622,race,0.98550534
2623,wheel,0.9775462
2624,bike,0.9722893
2625,sport,0.95557857
2626,cyclist,0.93107736
2627,athlete,0.92852783
2628,man,0.91820455
2629,hurry,0.9127843
2630,bike,0.99976885
2631,wheel,0.99967337
2632,cyclist,0.9976829
2633,sport,0.99501455
2634,biker,0.994732
2635,competition,0.9917177
2636,race,0.9914457
2637,hurry,0.99100834
2638,ride,0.98002446
2639,bicycle,0.9764756
2640,seated,0.97533035
2641,active,0.97346586
2642,fast,0.9681984
2643,exercise,0.9678955
2644,roll along,0.9677935
2645,recreation,0.9628811
2646,rider,0.95159006
2647,helmet,0.9470662
2648,fitness,0.9411413
2649,action,0.91366625
2650,competition,0.9944823
2651,sport,0.9902803
2652,athlete,0.97736114
2653,bike,0.97399193
2654,exercise,0.97163165
2655,championship,0.96697915
2656,tournament,0.9520894
2657,hurry,0.9515884
2658,action energy,0.9424859
2659,winner,0.94136906
2660,game,0.9334321
2661,basketball,0.9328785
2662,recreation,0.92593586
2663,fitness,0.917796
2664,active,0.9149126
2665,race,0.90905046
2666,wheel,0.9989786
2667,bike,0.9980935
2668,sport,0.994872
2669,competition,0.992379
2670,cyclist,0.9904828
2671,race,0.98978114
2672,hurry,0.9870578
2673,ride,0.9864516
2674,active,0.98162013
2675,biker,0.9793403
2676,exercise,0.9716829
2677,athlete,0.9616066
2678,squad,0.95986384
2679,roll along,0.9487624
2680,man,0.946121
2681,seated,0.9458246
2682,fitness,0.9446347
2683,helmet,0.94046503
2684,people,0.9311902
2685,bicycle,0.9253009
2686,wheel,0.99876386
2687,bike,0.99843764
2688,competition,0.99730456
2689,cyclist,0.995962
2690,race,0.995912
2691,sport,0.98919564
2692,biker,0.983988
2693,hurry,0.98237455
2694,seated,0.9605035
2695,athlete,0.9574136
2696,ride,0.9560224
2697,vehicle,0.9538635
2698,helmet,0.9506676
2699,recreation,0.9477889
2700,fast,0.93879974
2701,exercise,0.93643546
2702,people,0.9230478
2703,action,0.92177695
2704,active,0.9118202
2705,man,0.91048867
2706,bike,0.9945381
2707,race,0.9756913
2708,wheel,0.9728189
2709,competition,0.97040224
2710,sport,0.9622811
2711,hurry,0.9020237
2712,bike,0.98596346
2713,wheel,0.97953916
2714,sport,0.97402304
2715,competition,0.96557546
2716,exercise,0.9540603
2717,active,0.9482522
2718,race,0.9346995
2719,recreation,0.9265256
2720,athlete,0.91791576
2721,cyclist,0.91580474
2722,fitness,0.9026195
2723,bike,0.99475825
2724,wheel,0.9920347
2725,competition,0.98574996
2726,race,0.98358965
2727,cyclist,0.97274035
2728,sport,0.9639367
2729,hurry,0.9608176
2730,biker,0.94600224
2731,ride,0.9449531
2732,athlete,0.9156177
2733,man,0.91006136
2734,vehicle,0.90729004
2735,bike,0.99771667
2736,wheel,0.99203455
2737,competition,0.9918264
2738,sport,0.9887363
2739,cyclist,0.9855183
2740,exercise,0.9787625
2741,race,0.9774683
2742,hurry,0.9701364
2743,biker,0.9620836
2744,recreation,0.96064335
2745,seated,0.95811105
2746,ride,0.9544176
2747,athlete,0.95428133
2748,fitness,0.94642675
2749,action,0.9362438
2750,action energy,0.9216938
2751,fast,0.9170137
2752,active,0.9115163
2753,motion,0.90050864
2754,wheel,0.9906539
2755,sport,0.98872316
2756,bike,0.9854152
2757,cyclist,0.9845972
2758,exercise,0.98069036
2759,competition,0.9801769
2760,active,0.97107184
2761,fitness,0.96983445
2762,biker,0.95415676
2763,athlete,0.9538038
2764,recreation,0.94969046
2765,hurry,0.94442034
2766,race,0.9319062
2767,action energy,0.9254737
2768,lifestyle,0.9215214
2769,fun,0.9094626
2770,wheel,0.9964709
2771,competition,0.9958849
2772,bike,0.99514747
2773,cyclist,0.99405754
2774,race,0.9906628
2775,biker,0.98691297
2776,hurry,0.97788376
2777,exercise,0.9733277
2778,athlete,0.96793103
2779,fitness,0.9663155
2780,sport,0.96096766
2781,action,0.9481312
2782,recreation,0.9439974
2783,man,0.94267446
2784,ride,0.9391924
2785,active,0.91889775
2786,fast,0.91393554
2787,seated,0.91053194
2788,vehicle,0.9059157
2789,competition,0.9961745
2790,race,0.9922453
2791,championship,0.98739237
2792,athlete,0.9744427
2793,action,0.96399534
2794,sport,0.9593873
2795,hurry,0.9529908
2796,wood,0.92472696
2797,board,0.9210799
2798,recreation,0.9210749
2799,track,0.9177281
2800,bike,0.9151552
2801,exercise,0.9051497
2802,competition,0.9929816
2803,race,0.98575366
2804,athlete,0.980402
2805,hurry,0.9672756
2806,championship,0.96601415
2807,action,0.9626089
2808,sport,0.9477046
2809,bike,0.94285655
2810,exercise,0.9376476
2811,wheel,0.9304565
2812,recreation,0.92705464
2813,cyclist,0.9116141
2814,competition,0.9915396
2815,race,0.9881747
2816,championship,0.9796074
2817,hurry,0.94822466
2818,bike,0.9471754
2819,action,0.93788505
2820,athlete,0.91706866
2821,sport,0.90257305
2822,competition,0.9950694
2823,sport,0.9839078
2824,exercise,0.97686064
2825,athlete,0.96857697
2826,cyclist,0.96058726
2827,bike,0.9603133
2828,race,0.959991
2829,recreation,0.9592976
2830,hurry,0.95296323
2831,action energy,0.94660366
2832,championship,0.9362774
2833,active,0.9338006
2834,fast,0.9311311
2835,fitness,0.93012094
2836,wheel,0.92032486
2837,fun,0.915951
2838,helmet,0.9048909
2839,competition,0.99934673
2840,race,0.9974662
2841,bike,0.9943737
2842,wheel,0.9916326
2843,championship,0.9906398
2844,helmet,0.98450863
2845,hurry,0.9827508
2846,cyclist,0.9815906
2847,sport,0.9802456
2848,athlete,0.9715967
2849,ride,0.96834093
2850,biker,0.96528435
2851,action,0.9545876
2852,man,0.9317168
2853,racer,0.9313183
2854,vehicle,0.9273126
2855,people,0.92216647
2856,action energy,0.9110436
2857,exercise,0.90989774
2858,fast,0.9054247
2859,competition,0.9996754
2860,race,0.99767333
2861,championship,0.9899508
2862,sport,0.98823595
2863,hurry,0.9690865
2864,track,0.9673027
2865,adult,0.9595711
2866,man,0.9584601
2867,people,0.94839406
2868,fast,0.9454533
2869,action,0.9424664
2870,athlete,0.93846583
2871,wheel,0.92323464
2872,bike,0.91958433
2873,helmet,0.91152775
2874,competition,0.9928255
2875,wood,0.97606194
2876,athlete,0.96406037
2877,sport,0.96324664
2878,exercise,0.944589
2879,recreation,0.9420159
2880,race,0.9303794
2881,championship,0.9172585
2882,hurry,0.9154465
2883,people,0.907053
2884,action,0.90420276
2885,man,0.90315366
2886,active,0.902851
2887,competition,0.99511224
2888,race,0.9891446
2889,championship,0.98508525
2890,athlete,0.95631826
2891,action,0.9440836
2892,adult,0.93734515
2893,people,0.9337945
2894,bike,0.9317921
2895,sport,0.9283344
2896,man,0.92161024
2897,hurry,0.9208713
2898,wheel,0.91792184
2899,vehicle,0.9117162
2900,competition,0.9968603
2901,athlete,0.9688785
2902,ice hockey,0.9616772
2903,race,0.96005404
2904,stadium,0.9526044
2905,championship,0.9519005
2906,people,0.9517357
2907,sport,0.94712996
2908,ice,0.9408673
2909,man,0.921368
2910,adult,0.9122946
2911,competition,0.9973236
2912,sport,0.9918407
2913,championship,0.9849336
2914,stadium,0.9816115
2915,ice hockey,0.97645676
2916,people,0.9628223
2917,athlete,0.9460132
2918,squad,0.93169165
2919,man,0.9243555
2920,game,0.91277564
2921,International,0.9033793
2922,helmet,0.90254164
2923,bike,0.9975633
2924,race,0.99646914
2925,wheel,0.9961508
2926,competition,0.9959781
2927,cyclist,0.9888369
2928,sport,0.9758893
2929,biker,0.97324526
2930,ride,0.97035146
2931,hurry,0.9650696
2932,athlete,0.95702213
2933,squad,0.95033824
2934,vehicle,0.937673
2935,man,0.93610686
2936,seated,0.92721355
2937,road,0.921312
2938,people,0.91629
2939,championship,0.91278
2940,racer,0.90503216
2941,bike,0.99911165
2942,wheel,0.9990372
2943,race,0.9983218
2944,competition,0.99516225
2945,cyclist,0.9929756
2946,hurry,0.9900384
2947,sport,0.98741794
2948,biker,0.98552454
2949,ride,0.98018694
2950,fast,0.97234166
2951,squad,0.9587605
2952,athlete,0.94874585
2953,bicycle,0.94672173
2954,racer,0.94559115
2955,exercise,0.94162196
2956,helmet,0.9389049
2957,rider,0.9346383
2958,active,0.9324802
2959,seated,0.9201634
2960,championship,0.91215837
2961,wheel,0.99980146
2962,bike,0.9996629
2963,cyclist,0.9990251
2964,competition,0.9978228
2965,biker,0.99747
2966,race,0.9971441
2967,hurry,0.9964136
2968,sport,0.99612707
2969,ride,0.9948729
2970,seated,0.9887543
2971,exercise,0.9850329
2972,active,0.976158
2973,fast,0.97303873
2974,roll along,0.97141486
2975,bicycle,0.9687389
2976,racer,0.96383953
2977,action,0.96345806
2978,recreation,0.9632056
2979,fitness,0.95668983
2980,vehicle,0.9512246
2981,wheel,0.98804456
2982,bike,0.98605
2983,competition,0.9802616
2984,sport,0.9757306
2985,race,0.97511363
2986,cyclist,0.95269394
2987,squad,0.94059706
2988,hurry,0.93620193
2989,people,0.93409693
2990,active,0.9226352
2991,man,0.9186568
2992,biker,0.908411
2993,athlete,0.9047066
2994,competition,0.998117
2995,tennis,0.9720994
2996,adult,0.9571959
2997,race,0.94670546
2998,man,0.94475555
2999,champion,0.9363749
3000,tournament,0.9299945
3001,action,0.9261856
3002,athlete,0.9172051
3003,tennis match,0.9048904
3004,competition,0.95566
3005,race,0.91304225
3006,championship,0.90982974
3007,wood,0.9001772
3008,competition,0.9963716
3009,championship,0.9777031
3010,race,0.96790355
3011,sport,0.96192795
3012,athlete,0.9468055
3013,action,0.9354135
3014,recreation,0.9052241
3015,people,0.90256965
3016,competition,0.992608
3017,sport,0.9840362
3018,race,0.9763026
3019,hurry,0.9745537
3020,bike,0.96769536
3021,squad,0.9581646
3022,championship,0.9581578
3023,athlete,0.95410734
3024,winner,0.94452536
3025,man,0.91944236
3026,racer,0.9132502
3027,win,0.9082166
3028,tournament,0.9041365
3029,competition,0.98483217
3030,race,0.9597961
3031,championship,0.940428
3032,athlete,0.9055121
3033,sport,0.90138674
3034,competition,0.9966394
3035,bike,0.9841304
3036,race,0.9831333
3037,wheel,0.98150617
3038,sport,0.9805574
3039,cyclist,0.9639782
3040,athlete,0.9573463
3041,ride,0.9549767
3042,vehicle,0.9295523
3043,championship,0.92771506
3044,action,0.91675246
3045,hurry,0.9158833
3046,exercise,0.91552
3047,recreation,0.9146193
3048,people,0.90720606
3049,biker,0.90380293
3050,competition,0.9859487
3051,bike,0.97753626
3052,sport,0.9726428
3053,race,0.9599187
3054,recreation,0.9449111
3055,wheel,0.9413566
3056,hurry,0.9310421
3057,exercise,0.92362535
3058,cyclist,0.9081391
3059,leisure,0.90352154
3060,competition,0.9941665
3061,race,0.9825208
3062,sport,0.9790296
3063,wheel,0.9654869
3064,bike,0.965363
3065,athlete,0.95324004
3066,championship,0.9518931
3067,hurry,0.93897015
3068,cup,0.91121423
3069,wheel,0.9980564
3070,bike,0.99734354
3071,cyclist,0.9959209
3072,sport,0.9942826
3073,competition,0.9901122
3074,race,0.98713183
3075,exercise,0.98452497
3076,biker,0.98366225
3077,ride,0.98256195
3078,hurry,0.98184586
3079,active,0.9767766
3080,fitness,0.96915054
3081,helmet,0.96437156
3082,fast,0.9578853
3083,bicycle,0.95625985
3084,athlete,0.9498806
3085,seated,0.94033664
3086,action energy,0.9385247
3087,man,0.9261631
3088,squad,0.9236809
3089,competition,0.99419546
3090,sport,0.9714092
3091,athlete,0.97085637
3092,adult,0.9592944
3093,wheel,0.9534323
3094,race,0.9448322
3095,people,0.94381166
3096,cyclist,0.9387045
3097,hurry,0.911638
3098,motion,0.90825784
3099,bike,0.90460134
